epoch,train_loss,validation_loss,train_accuracy,validation_accuracy
1.0,1.3100664326638887,1.220289104863217,0.7064393939393939,0.993421052631579
2.0,0.8250688458933975,0.636426141387538,0.9943181818181818,1.0
3.0,0.5009253720442454,0.34370950334950495,1.0,1.0
4.0,0.313370943069458,0.22227534965464943,1.0,1.0
5.0,0.2230238155885176,0.16394420673972682,1.0,1.0
6.0,0.17552697116678412,0.15238798605768303,1.0,1.0
7.0,0.17122228037227283,0.15047709016423477,0.9943181818181818,1.0
8.0,0.16110177699363593,0.1536555517660944,1.0,1.0
9.0,0.15911623067928082,0.15170659830695704,1.0,1.0
10.0,0.1582215545755444,0.15034424866500654,1.0,1.0
11.0,0.16159833019429987,0.15044510756668292,1.0,1.0
12.0,0.15947372217973074,0.150210965620844,1.0,1.0
